guide_sequence,efficiency
CGTCATCACGAAGTAATGAA,0.133
GAGCTGTACGTAGACGAAAG,0.705
AAGAACCGTGACTTAAGAAC,0.94
TCTTAAGATACTTATACACC,0.545
GGAACGTTAGCCGCCTGTCG,0.432
AGGACCAGTTTGACACCCCA,0.535
TACTGTTGATACACATCGAT,0.096
ACCGAGCATGGAGTTTTGGG,0.529
CGTTACAGTTGGTTTTCCGC,0.639
GACAGTGCCGGTCCACAGGA,0.149
TTTGCTTGTCCGCCGCTAGC,0.36
CTGGTTACGAATGAGTTAAT,0.455
CCTTCTTTCCGAGCCAGCTC,0.082
TCGGGTGTCTTGTTCACTAA,0.784
CGATACTTTTTTTCTTGGCA,0.103
AAGCCCCTCAATCGGAAAAC,0.902
GCGCGGTCTGAATATTCCGT,0.287
TACGTCCCTAGCGTGTCTAG,0.39
TCCCGGCCTGATGAAACTCT,0.733
CGGAGTTTACCATTTACGCC,0.836
ATAGTGCCCTGCTCTCCTCA,0.384
ACCGCCCGTTAACGGTTCTC,0.259
CGATGGGTGTGGCGCATGGG,0.071
TACGGGAGTAATTCCTGTTT,0.628
CCCGCAGTGGACGGATGTGT,0.435
CGTTCGTTATATTATCTCCC,0.5
GATGTGACAAGCCTTCATTA,0.221
GCTGAGCTTTGCTAGATGGT,0.536
AAAGCACACCGCTATAACCT,0.155
GCGAGGTTTCCATAACATGA,0.72
GGGATTTCTGCTATTTAGAG,0.487
TACCGTTAGAAGATATCCTT,0.36
AGTCCTTCTCAGGAGGTGAG,0.201
TGACTCTACGATGACACATT,0.316
TAGCGCGGGATTGTGAATCG,0.495
ACCTTGACTTTAACACTGAG,0.798
TGTGAACCTGATCTCAGCTA,0.162
CCCTCCGTTACACAATATAT,0.128
AAGACTGCACAGAGTACCCC,0.342
CATAAGAGGATCTCGGCAAG,0.05
AAACAGTCGAGTCACGAGGA,0.2
CGTTGGATTTATTAGGGTGT,0.263
GACAGCTTGTAGAGATGGCT,0.552
TTAATTGTTAGGTACTCGCT,0.628
ATTCTTTATAATTCGCCGGG,0.294
CGGCGAGCGTCTCTTGACTG,0.801
TAATATAACGAAACCGAGCG,0.522
AGTATTTACTACATATGGCC,0.502
CCTGCCAGCATCTTGTGCAC,0.502
GGATCGTTGCGAATAGTCGC,0.491
ACCCTATGCCGGAGGGACAA,0.681
TCATAATGCTTATGCTAGGA,0.475
AAAAGCCGAATTGTCTTATG,0.826
AGGGGTGGCGCGTTCCAGCA,0.414
TGCGGCGTTCGACATTGGAC,0.594
CATCGGGTCATCCTAACTCT,0.547
ATAGGCTAGGGAGGACCCCG,0.341
CCGACGAATCGAGGAGGTAC,0.147
CACAAGTCGAACGCACGATG,0.864
ACACGGACACTCCTATAGCT,0.855
CGCGACATCGGACGACCTTC,0.929
GATTGGCAACACGTAACGGT,0.32
ACGAACTTGCTCTTTGAGAG,0.782
AGGTCGCGTTTGAAAATGGG,0.657
ATAAGTGTATGGTGTTGTTG,0.352
TAATAGCGGCGTAGCGGTGA,0.242
GTCGCCTTGGCTGTAACCAA,0.316
ACAGTATGGGAAAACCGTTA,0.057
ACCGTGCTAGGACAGGTGCT,0.355
CAGCTTGCGGACCGGCCCTT,0.904
CCCAAACTTTCAGTTAAGCT,0.29
ATAATAAGAAGACTACCGCC,0.781
GTGCCGCATACTCACCATCA,0.888
GAAACCCCTACTCTATGACT,0.102
TGCACCCGAGTGTTCCCTTC,0.194
GGAGAATCTGTCGGAATATA,0.085
GCATGGACTCTATAACGGGT,0.111
CTTACTGGTGGAGCATCAAC,0.375
ACACTAGACCCTGCAAAAGC,0.843
TGGGTTATCGGGCCCATAAT,0.936
GTCCCCCAAACCAGTGTACG,0.261
CGAAATTTTCTGGTGGTCGG,0.55
GGCGCAACAACCCGCGCCTG,0.408
TGTAACCTGAATGCGACGTA,0.178
GACACCGCAGTACAAATGGG,0.483
TCCTCGAAAAGTTTACTACA,0.359
CATGTACCATAAATGATAAT,0.36
CCCTAACCTAAGTGAGACAT,0.589
TTCTCCATTGTTAACCCAAT,0.571
ACCCCGTGTTGCCATGCACA,0.088
GAGGTAAAGTTTTCGCTCCA,0.454
GTTACTCCCTTCCTTGGCCG,0.766
TCTGTAGATTGCGTCCAACT,0.789
CGTACAGGCCGAATGGCCTT,0.94
CAAGAAAAACGTTGTGTTAC,0.483
AAGATTACCACCCCCCACGA,0.33
CCCTATTAACGTTGAACCAA,0.493
ACGATAGACTTACCCGGGTT,0.575
TTATTTCGAGTCGCTGCAGG,0.898
CGTTTAGCCTTGGCTACGTT,0.269
TTAGAGGGAGCCTAACGCTA,0.896
GTATTAAAGACACAGTCAAC,0.736
CAGACATCGCCCCGAGGTGC,0.681
CGTGACCTAAAAGCCAGTGT,0.598
GTATACGACAAGCATCACTG,0.111
CCAGGCATAAATCCTTTCGC,0.396
GGATGACAAGTTACTAGCCG,0.502
GTGTCTTTGCAAGGCCCGGA,0.936
ATTACATAACTCCAACCCGT,0.157
GGGATGATGGTCGGGACGCG,0.508
GGGAGTCACGCAGTGAGGAG,0.722
CAAAGGTCTGAGAGTCTCTC,0.863
TGTCCAATGTAGTGTGTGTT,0.703
TTAAACCGGGGTCGACCGGG,0.694
TCAGAATATTCCTAAGGCGA,0.914
CAGCAGAGGTAAGGACCTAG,0.761
GAGCAAGTTTCTGACACATT,0.053
TAATCTGGCGGAGTGTAGAA,0.131
CGTGAGGGCTGTAATGTGTT,0.858
ATAATGTTAGACTTAGCTAT,0.147
GAACCGAGGGTTTTACCCCA,0.084
ACGCGAACGGAGCGAACCTT,0.648
TCCTGTATTGCTACATAAAC,0.64
AACCAGGACTGCTTCTCTTA,0.306
AGAAAGACGTAGCCGGTGTG,0.14
CCCCAACGGAACATTCTACT,0.633
AGGGTGAATCCGGTTGTCGA,0.494
GGAAAAGGGTCGGGTAAGGC,0.591
AACGTGTGGATCCCCAGCAT,0.242
AGGAGCGCCCGGGATAGTGA,0.737
GTCTGGCTCAGAGGACGGCA,0.059
GCCGGTTCAGCGATAGCATG,0.571
ATGGGCCTGCATCCGCCAAC,0.1
TGATTGCTGGTAATCGCCTG,0.346
ATGCCCCGACCTTAGGTATG,0.66
AGAGGAACTCCCGTCTTCGA,0.821
TGACCCGGCGATCAAGCTCG,0.664
TATCTGACCAAAGACCACAT,0.432
ACAGCGACGCACGACCCACA,0.503
AGGTCTTTCAATCTGATGCG,0.362
GTCCCGATTAAGATGGCGAT,0.139
CTTGCAAAGGTCATTACCAG,0.235
CCGCCCCTGCGTGCAATTTA,0.627
GAGATGCATAATATGGAAAT,0.843
ACAATGGAAGTGCACGGAAC,0.097
TTGGACTAGGGGGTAGTACC,0.539
ATTTGGGTCGGTTGAGCGTC,0.25
GAGGATCCGTACTCGATAAA,0.498
ATTAGCATAAGACCCCGATA,0.431
TCCGGCTTTGGGAGTAACGA,0.103
ATATTCACGTACGTTAGATA,0.806
TAGTGGTAGGATGAGTACAC,0.806
GCTCGTGCACATCGATCTTC,0.527
GTATCCGACACTCACTCTGC,0.393
GCCCATGAATGACTCCGTCT,0.841
GGGTCTTGCAACCTGCATGA,0.665
TTATGTCGGGACCATAGTGG,0.931
GGTCTAGCACTCTTTTCGGG,0.13
CTGAAAGTGAACCGCGCGTC,0.717
TTGTTATCAAGAACGTGAAT,0.253
CTCCCGAAGTAGGCCATGTG,0.563
GTGGGATGTGCTTGGACCTC,0.304
GTCCCTCGCACTAAATTTTG,0.259
TTACGGTGTTCAAGGCCGTT,0.908
TATATCTCCGGTACGTACAA,0.131
CCCGGACAGCTGGTTCTACA,0.119
CGGACACCTCCTCCTTGTCT,0.169
TCAGCTAAACGCCGCGCGTG,0.067
CGGGGCGCAGCAACGTAACA,0.313
CACCTGCATCGCATCTAACA,0.396
CTTTGCAGTGCCGGCCGACT,0.413
CGTGGGCAAAATCTGCGTTC,0.701
GTGTTGACATTTCGGTACCG,0.478
TCGGATATCAACTCGTAGAC,0.184
CGGCCCCCGGTTCACAATGC,0.546
ACAGGGTGGTGCGTTTACGA,0.775
CAAAACCGGTGACTAGGTGC,0.252
CGCAATCGTCCTCGACACTA,0.336
CGTAGAATTAAATGTACAGC,0.259
TTCAACGAATTAGTAGTCAA,0.07
AACGCACCTCGATGTTGTCC,0.909
ACGCCCCCGCCACTCTCTAG,0.332
GCTACCCACGACCTTAGAAG,0.536
TGCGATCAACATGCAGGTTC,0.245
TCAAGTGGTGGCACGTTCAG,0.312
CCATTTGGTTAACAGCCTCT,0.613
AGAAGTTTGTGTCCGGCACT,0.179
CGCCGTTCTTATAATAGGGA,0.535
GAAGGAGTTATGCAACTGGT,0.807
AATCAGACCCCTTTTATGAT,0.235
CACATGCAAGGTTCGTGATT,0.233
CGGCTCCATTGAGTTTATGC,0.366
TGTACAAGATAGCTGGGCCC,0.54
ACCAGTGAAAAGGTGATTTA,0.345
CCTTTCCATCCGGGCTAAAT,0.116
AGCAGTTCAATCTGCTATTG,0.464
TGATTGCGTACGTCTCCGTC,0.504
AACGCACCTATAGTAATGAG,0.072
CTGAAATCCTTGTTTATCGC,0.559
AGCGATAATAGCACGGTATA,0.823
GGCTGCCTCCACCTTAGTGA,0.178
TACTATTGGAACATGGCCGA,0.448
GGCATATTGATCTTAGACGC,0.427
CTCTCTTGTATCGGCTGGCG,0.7
GTGAAGGCCACGTATAGGTT,0.309
TTGGATTCGCGACCAACCGC,0.381
GAAGGCGTTGGTGTTTTCGG,0.689
ACGTGCCCGTGTGAGGCAGT,0.861
GTCATACGTCCAGCACACGT,0.624
GTGTGCCGGTAGTACCCGCA,0.523
AAGCGCACACAAGTAGCGCC,0.679
TCCTTAATTCCATCAAGTAT,0.051
TATGTTTATCCAGTCGTAAA,0.159
GCAGTGACCCTTGATGACGT,0.529
GGGAGCAAACGATCTCTGCT,0.805
ATTCGCCTCCCTGTGCGGGC,0.272
AACTAGCAGAGCAAAAAGTG,0.606
GCAACTGTTCAGTACCTCGG,0.793
CGTGACTTTAACGGCAAGTG,0.878
AGAAACCGACGTCCCTCCAG,0.777
TCGCCTAGGCATTGAATAAC,0.707
GACATCTTGGTTTTAACGAT,0.531
TCTACAAGGTGTTGCCGCTG,0.147
TCCCCTTGCAACACTTTATA,0.571
TTAACGATTGATGCTTTAGC,0.844
ACATCGTTACGATCAAGATT,0.784
CGGGTCAGTTTTACGCCTAG,0.449
CTTGCTAAGAATGATCCATG,0.921
GTATATGCTGGGTGCCGGTA,0.147
TTACTTCAGTCCATGCGACT,0.589
TCCTAGTACACTGGGATTTT,0.75
CTCTGAGTTCCAGTAACGGA,0.608
CTGTTACCCGGGACAAATTG,0.706
CATTGTTATGTCACGTCTTT,0.612
CGAACTGAGAATTCCGGTAC,0.72
GTGTCACACCTGGGTACCTC,0.651
CCGCTACATGACAAGGTTTA,0.42
GACAAGCTTGGATCGCGTAT,0.377
GGCTGCATTGATGGTTGCAA,0.867
GGCTCTTACCGAATACTGGC,0.375
AAGAATTTTCGCAGTCTTCA,0.943
GAACTAAAATCGAGTGCCTG,0.595
TACTGACCGGTTCCCTAATA,0.538
CTCTGGACGAGCAAAGTGAA,0.106
TGTCGCGCGTTACGCACCCT,0.472
ACACGAGCCAGTTTACCGGT,0.715
AACATTCAACACCTGTGAAC,0.643
CGGCGGGTTTGAAGATAGGA,0.814
CCATACAAATCGGTACCTGG,0.476
AGGGCCCCGCCAGCGACTGG,0.148
GGGGCAGGAGTGAAGTGCCA,0.449
TTCATTGTGGGCTGTGTTTA,0.869
AATAATAAAGACCGCGCAGA,0.81
CTTTAACCGAGTCATTATCC,0.107
ACTGGCAGTAGGTTGTTCAC,0.171
GGTGGATGGAACTTGAGTGC,0.558
TCTTTTGCGAACATCAGAAA,0.85
TCGAAAATCAGATCCTAAGC,0.094
AATTATCTGACCGGCGGCTG,0.789
CGCTATACCCTTATCACGCT,0.661
GCCTATGTAGGGGACCTAGC,0.685
CTACTGGGCGGACTATGTAC,0.618
ACGGTCAATGTTCACATGGC,0.684
CGGTGGTCAATGTTGAGTCG,0.326
GCCATGGGGGACATCCCTGA,0.736
GCTGAGCTGGACTGCAAGAC,0.91
CGGCCACCGCGCCTAGCAGA,0.615
TCACCCGTCGACCGCTATCT,0.144
GGCGCCCGCTTGGCTCCCCG,0.299
GTATTATGATTCACTGTTTG,0.152
TCATAAGTTGGCTCTTGTTC,0.525
CCGTAATTATCGGTCCAGTT,0.371
CGTTACGTCGTAGTCTAGTA,0.472
CGTGGGGCTTCAATATTTGT,0.776
AGGTAGCGCGTCCCGGGCGA,0.308
ACCTTTGGGATATTACCAGC,0.547
GTTCAAAGTGTGGGGTCCCC,0.923
AGAATAGAGCCTACTGCGAA,0.489
AGAACTAGCGACGTCAAATT,0.642
GACTTAATACCGATCTTCAA,0.174
TCGTTGGTCGCGTCCCATGT,0.232
TCGCGATAAGTGGGCGACAC,0.474
ATGTTAGAAGTACGTCAACT,0.939
ATAAATTATCTAGATGTGTC,0.932
TAAAGCTTTAGTGAACGACT,0.116
GAGTGCCGATAATTGTTCTG,0.161
AAGCCCATCTCGGTTGGGAA,0.893
TTTCGCTGTGAGGCGCATTG,0.919
CTTAGTTACGAGCACATCCG,0.628
TTCCTAGCCAAGCGCCGCTC,0.173
ATTAACCAAGGCCCAAGTTT,0.112
AGTATCAGGACCATCTGGGA,0.389
ATCAATTATAGAATGGAATA,0.358
AGATTATCTCTAGTCCAACG,0.332
GCAGTAAGGGATGCGGTTCC,0.308
TGTGGAAGATCCAGTCATAC,0.748
GTTGGGTTGTACTCACAGTG,0.258
GCAATGTCTCTTCACGTAAG,0.319
GAAGACGGAGTCCGAATTCT,0.429
TCTGGATTTTAGTACGACCA,0.589
AGCTGATGTAACTCTACCGG,0.19
GTTCTGTCTAGTTGCGAGAC,0.671
GCGAAGACCGTTAGGCGTCG,0.441
GTTCTTCTACGCCCGTGTAC,0.922
AACTCCTAACTAACGTAAAG,0.235
GATAAGATCATTGCGTTGCC,0.236
TTCCGCGAATACTCGTCGTC,0.86
CGCAAGCGCCGCGATTACCA,0.728
GTTGTGGCCACCGTATGTGA,0.869
CGACACTAACGTTTCAAGTA,0.647
GCTACCTCAGTGCACAGTGA,0.606
TTACACATTATATGAGGGGA,0.77
GTCATCTGGTCTAGCGGGAT,0.392
TTTATACGTCGCTCTGAGGT,0.794
AAGCGATGCCTCCGTAGCCA,0.778
CACTTATGTCATGAGGGAAC,0.89
CGTCCACCCATGTCACACTT,0.424
TCAGCCGGGAGCCGCACTCA,0.804
AAGTATGTCCCGCCTGCGGA,0.151
CTACTCCGCAGGGCCTCACT,0.608
CTGGACCCCCGACCGCGAAT,0.801
GGGTGTAAGGTACTTCCACC,0.732
GGATTATCGTCCTGACGAAC,0.895
GCAATGACTTGCCAGTTATA,0.41
CGTGAAACTTCTACTACTCG,0.383
CGATGTGGTAATTTCCGATG,0.941
CAAATCGACATACTACAACA,0.286
AAAGTGGCTAGGCCCGTTCG,0.699
CATTTTGGCACTCCGGTTAC,0.399
ATTTGTATCGCAGTAGAGAC,0.846
TACTGTGAATGTCATCTGAC,0.318
CGAGTCTAGTGGAGCGCAGA,0.448
ATCCATTTATGGTTTACCTT,0.883
ATGGGCGGTTATCGGAGTCT,0.753
ACATATTGCCTCACCGTGAA,0.927
AGGTCCTCATGGATCCTTAG,0.856
GGCTTACTACAAGTATTTAT,0.366
GACATTAAACCCCTTGGCGA,0.639
CTTCACCAAAAGGCTTAGTC,0.854
GCTTAGGCATTGCATACCGG,0.562
ATTCTGTCGGCCTGTCAGCA,0.067
CGCTCTCGGCATTTCTCACT,0.305
ACGTGAGACATATGGTTCCC,0.409
CCTCATTCCCTCTATCGGAC,0.213
CCGCTTATGTTACTTCCTTA,0.127
TCCCCGGCGCCGTGGATCTA,0.171
GGTGCGGTAAAATTAAAGAT,0.224
TATTCTGCATTACAATTGTG,0.111
ACTCCAAACGGGAACCCCGC,0.792
TCAGGATTTAGGTGGTTAGG,0.931
CTGCTAGGCAGACCCCTTCC,0.325
GTCATGCCAATACCAGCCAG,0.205
CATATCAGTGCTACAAATCA,0.677
GATACGGGAGTCGGTTTCGG,0.077
ACTACCGAACTTGGGGAGGT,0.698
AGGATGGCATGTGGTCTAGA,0.539
GCAACCGATGGTGGGCGCTC,0.573
TAATGTTTAAAGTACCGAGT,0.177
TTAGTTAGCGGTCTTTGCAC,0.202
CCTAAACAATACCGGTCTTG,0.716
TTGTGGGGGCTAATGGGCAA,0.711
CAAGTACAGTGATTTTCAAT,0.253
TAGCTATTTATTTACTGATA,0.206
GGGTGTATACCGTCCGAGAC,0.429
AACCCTGAGAGTTATACAGC,0.149
AGCCACTCCTTTACATTACA,0.694
ATTCATACCTGCTCACACTA,0.624
ATTTACAAGACCACCTGCAG,0.417
TGCGCATCAGGAGGCGTGAA,0.891
CCCCCTGGTTGTGCCTATGC,0.352
CGCTACCCGGTGGTTCGAGG,0.906
CGATCTTTATTCACCCAGAC,0.617
GCACCTCCAGGATCGACAGC,0.144
ACTTATAGGGTCTATTGCGT,0.734
GGGTCCGCCATCCCTACCAG,0.072
GGGATCACCACGTTTATAAA,0.2
ATGTGTGTGGAAGTGCCAGG,0.115
GGGTGCGACGCAATATGGCT,0.929
TTATAAGTCCACTGTCTACG,0.243
TCGACGTAGATAGGTACCAA,0.494
AATAAGTTGCTCCCAGCATT,0.755
CCCTCGTGTGCAACATACTT,0.716
GGCGACAACGACTGCAGCCC,0.145
TAACCTCCCACGATATTTGA,0.332
CTTACAAGGTGCATGGCGCG,0.117
AGGAGCTTTATTGTGCAACG,0.545
CAGTCCTAAACGCTGGACTC,0.651
GCTCCGCGCTTTCTTGCGGG,0.48
GGTTCACACGAACGGGGACC,0.19
TCGCAGAATCCGGACTTATT,0.087
TGCCGTAGATGGACGAAGCA,0.183
CTCAAAAGGGCTCAACTTAA,0.569
CTTGTGCCCATATAAGTTGT,0.32
TATCTAACTGATCGTGGGCT,0.886
CAGTCACGGACGTCTGAACG,0.199
TCAGCTCGATGAGAAAAACT,0.323
TCGCTGTCCCACCGCTTCCG,0.328
CGGAGCTATCCGTCACATGC,0.398
CACTATAGGTTACTGTCTTT,0.74
TCGCGCTGAATCATCTTAAC,0.151
GTACAGCGTATCTGGAACAG,0.881
CCCAACCCCAGTCCAACGGA,0.392
TTCTTGCACCCCTTTAGCCG,0.261
AAATGCTGGCCCCCCCATCC,0.502
CGGCAGCAACAGGTTGGCTC,0.246
TAGACGCTTAACGATTGGAC,0.905
GTTTACAGTTCAATTTCGAG,0.219
GTCGTGCAGGTATGACGGTA,0.663
GATCCGAGCAGTAGCTTCTC,0.398
TTCCGGCCAGGTGTCACATG,0.491
TAGAGGACTTGTCATGAGCC,0.074
TCTCCCTGATGCTCTAGCTT,0.54
GGTTCCCACACCAACTAGAA,0.154
CTAAGTATCACTAGCCTTTA,0.634
GTTGTGCGCCCTAGTCTTCG,0.75
GCCCTATTGGAGCATTATTC,0.523
CGGATATCCGTCTCGAATAT,0.585
TGAATAAGCTGGATGGTGGC,0.624
GGTTGCTGAATTCGCTGCCA,0.515
TCTGGGCGGAACGCTCATTG,0.874
TACGGCCGTTGTCGATCGTT,0.492
GGAAGCACACTGAACGTTTT,0.729
AAATGTTTTGTCCGTCACCA,0.519
CACAGTAAAAGATTTAAGAG,0.265
CGAACCCCGGGGTTAACCAG,0.475
CTGTAATGGGAGTTTCCGAG,0.109
GATCATTGGCTACTAGATTA,0.457
CCACGCGTGTAAACGTATCC,0.562
TTGACCGTGTCCGAAGTTCC,0.359
AATTGGGGACGATCGGCAAC,0.489
CCACTGTGGTAAGGAAACGA,0.206
CACGTGATGCCACGCGATGG,0.077
AGCCCCGGCGTGGCACATAG,0.877
ACTTTACCTATGGCTCACAA,0.393
CCTAGCCGTATATCAGGCCC,0.638
ATGAGAAGAAAGACATGGTT,0.879
TAACGTCGGGGCCTTTAAGG,0.185
TTTGCATGCCCGCATGACGA,0.823
ACCAATGTATCGGCTATAAG,0.905
GATCTGAGCTCCCCTAGATC,0.877
ACAGCTACCAGAACAGTGCG,0.612
AATGACAAGCTTTCGCACAT,0.339
CATCCTTAACAATGCGAAAC,0.919
GTTTAATTACCTTATGTGGA,0.141
AATCTCAGTCGAACGTAAAT,0.631
ACGTTAGATCCACTAAGGTG,0.123
AGGGCAGTTAGAATTTTGGG,0.239
ATGCGCCCTCATTAAGGTTC,0.096
GTGCCACTCCGAGATTGCAA,0.094
GGGGGTATCTCATGGGCGAA,0.235
GTCAACTACATCGTGCTAAC,0.14
TAGGGCAACACAGAGGTAAC,0.055
ACTTCGGTTCATCAGAAAAA,0.739
AGATGCCAGTATGTTTTTGG,0.613
GGCTGGAAGCCTCAGGTGGA,0.6
GTGACAGCTGTTTTTGGCGG,0.365
ACGTGGTGCACGTGTGTGAC,0.175
GAACATAAGCCAGTAAACCC,0.92
CCTAACATCACCTCGCAGCA,0.27
TGACGCCACTGCAACTCGTT,0.063
GGACTAGGGTCATCGGTATG,0.215
TGCGCATCTCTGCCCTAGAT,0.059
ACGGTGTGCAGCCACAATAG,0.168
TCATCTAAAGCACTACTCTT,0.235
ATCGCTACCCTACACCCTTT,0.35
TTACTTCCAAATAGATAACT,0.113
GGGAATTTAAAGCAGCAATA,0.711
GGTTAGCTAACACTTGTTCC,0.189
GGGTGCATCAAACAGGCGGC,0.732
GTAGTTGGTTGCCAAGGCTA,0.369
AACGTGCTACGTAGGACCTA,0.255
ACTAGTTATTTGTTGTCATC,0.794
TGGGATCCTGCAAACACGGA,0.938
CTCAGGACATGGTACATGCA,0.803
TGGCATATGCAGACCGAACA,0.761
CTGACTCAAGCGAATACCAG,0.695
AGAGAACGTCGACGGGCCTG,0.232
AGTAAACCCCAGACGTGTTG,0.292
TTGAATAAAACGCGCTTCAT,0.889
CACCTGCTAGGGCCGGGTAA,0.359
TGCTCCAGGCTACCGACTTT,0.071
ACTACGTCGCCAATGGATAA,0.749
TAACACGGACGTGCTCCGCC,0.497
GCGACTGGGTTCTAGACGAA,0.7
TAGCGAGCGTAATGATATCA,0.243
TGTGAGCAGAACGCGGTGAC,0.079
ACACGAAGCAGCGCGCGCAA,0.725
GAGACCGGCAGCGGGTAATA,0.231
AGTCAATCTGGATGACTGGC,0.457
TAATTGACTAACAAACGGAA,0.703
CCGCCCGATTATACAAGAGC,0.481
GCCTCTGTACGCGATTGTCC,0.082
CGATTTGTGAACGCGATTTA,0.557
TTCTTCCTAGCTCATTAGGT,0.413
TCGCACGCAGCCCAGAAAAC,0.891
GCCAATCGGACCTCGTTTAG,0.215
CCTACTAGGGAGGCCCCGTC,0.779
GATTCATCGACTTCCTACGT,0.179
CGAAATTAGCCTGATACGAC,0.616
TTAGTCTACATATAAACTTG,0.862
TTAGTAGGCGCGGTAAGCAT,0.763
TTATTTTCGTATTATATTGT,0.897
CCCGACGGCTCTATAAGTCC,0.203
CTGCTAGGCGAGACGAATTG,0.078
CTACATAGGGTTGACCTAAG,0.156
TCACTATTTCCTATTAGGCG,0.784
CGCCTAGAGCCGATAGCCCA,0.451
GTATACCCCGTGAACCCTCC,0.67
CAAACCAAAAGGGTACTCTA,0.936
GCCATCAAATGAAAGCCATG,0.063
ATGCAGCAGACGTTTAACTT,0.311
GCCTGATTCAAGGCGCACAG,0.52
AGAGCCTCTAAGATTGGAAA,0.399
TAACAGTAGCGACAGGCTAG,0.882
CATACGATACAACCTACAAG,0.727
CCGTCCCTAAAGTAGTGTCC,0.526
CTCACGAGTGACCGCTATGC,0.651
ACACTTCCTTAAACTAGGAA,0.896
ACCTACTGCATCGACAAAGC,0.194
TCAAATGACAAACACTGAAA,0.463
ATAAGGCAGTGCGGGGATAT,0.568
CTCTTTCTCGACCCTCGGTT,0.522
GTCAATTAGAGTCATTATGT,0.85
AGCCTAACGGCTGAATTGAC,0.136
AAATTCAAAAGCTTACGTTT,0.096
GTAGAGAGTGGCCAACGACG,0.183
GAGTGATTAGTATGTTGTTG,0.755
CCGGCACGGTAACTTGGTAC,0.91
CCTATGAGTCGGAATGTTTT,0.541
GGCAGAGTACCGGTCGGGTG,0.858
TAGTTTTGAACTTGCACTCG,0.921
AGAAAGTCGGGAAAGGAGCA,0.32
TGCGCAGTTCTTTGTCGGGC,0.702
GAAATGCCGGTTGAACCCAG,0.4
GCCGACGTCACAGCGTCCGG,0.219
TCGGTTTCCAGTGCTCAGAG,0.366
ACCAGCTTATAAGAGAAGGT,0.329
ATACAAATAGCTCACCCATG,0.659
ATTCATGAGATATACGTTGG,0.755
GGCCCCCCTTGTAGACGAGA,0.914
ACTATTCTTAGGTGCGGATG,0.215
ACTGAACTAAGACGGATCCA,0.348
ACATGGCACTAGCTTAGAAA,0.325
GCTCGGTAGATTATTCTCGC,0.477
GGTTAGATGCCTACCCATCT,0.864
CTCTTGTACCAATATCTTTC,0.786
AACAGGAAGGGGACGCCCTG,0.641
GCCGTCTAAGGGTGTCATAG,0.654
GAGACATATAGCGACGCGTA,0.203
GTCTATAATGGATTACTGCA,0.907
CTGTCAGAGCGGCGCTCTAC,0.356
CATGACGAATACCTTCGGTA,0.055
TCGTGTGCGCGATCCTACTC,0.339
GTTCGCCATCCAACATGACT,0.587
ATGGGACCCAAATTTTCAGC,0.615
GCACGCGCGCGATCAGGTAG,0.323
TAGCGTTGTCCCAATGGATT,0.093
GAATGTTTGGTCCACGAGGC,0.752
AGATAGAATTTTTCATGAGT,0.66
AACCAAGACCTCACTGTCTA,0.192
TTCATCCTAGCCACCACCGG,0.744
GAAACTACAAACCCGGAAAG,0.836
TCTTGATGCCCCCAACGTCC,0.412
TTTGATGTACATGTCATTCC,0.917
AGACTACGATCATCGTAGGC,0.076
CCGGGTCCCTTAGCGCACAT,0.506
GCGGGTTCCGTTTGAATTTG,0.259
CATAATAGCAATGTACCTTC,0.552
ACGACACGTTCAAACTCGTA,0.624
ACGCATGGCCGTCCGCTGCG,0.651
CGGCCCCATGGTAACCCAAT,0.321
TAACTTGGACATTAGAGGGA,0.297
GCTGCTGAGCATCGAACGAC,0.72
TGGAGGTCTGGGACCTGAAC,0.492
GGACTGCAGAGACAGCAAAA,0.392
CCAATTGTTTGCTATGTCCG,0.616
GCCCCCAATCATGTGGTCGA,0.162
CTTTTCAGTGAAGCGAATTT,0.232
ACCCCCGACTGTCTCTCAGA,0.739
TGACCTTGCTTTCAGGGGGC,0.269
GTCATCGGAACATGGTTGAA,0.664
GTTGTTCGTAGCCCGTAGCA,0.144
GTCAGGCCCACGTTCCACCA,0.747
GCGTGTCAACGGTGGCCCCA,0.771
CAACTTACGCCAACCTTCCC,0.426
CTCAGACTGACTAAACAATA,0.237
CACGGCGTAAGGGGCCCGGT,0.695
CGGATCCGTTTAAAAATGGC,0.601
TTCTTCATACTGAGCTAAGC,0.309
GATCGTTCGAATGGCGCCCA,0.608
GTGCCGCTGGCCCCAGAGTG,0.689
AGGAGGTTTCGAATCCCTTT,0.772
TTTGCCGTGGACGTCATCAG,0.351
TCCGGATATTAGTTTAGTCA,0.78
GCGACGTAATTCATGCTTTG,0.749
ATAGTACAATGTTCATAGTT,0.829
ATGCGATCAGTGGATAGGGT,0.635
GACGTATGCTATCGCACATA,0.089
ACATACAGAGAATCGTGTCC,0.667
CTTTCTCGCTGCGTAATACA,0.756
ATAGCGAGTCTCGACACTCC,0.945
TTCCCTGGGTGGATGTCTTG,0.318
CTGGACGGAATTACACTGGA,0.449
TCAAGTTCACGGTACCAGAA,0.477
AACGCACTCTTCACTATTGG,0.229
ACTAATGCAACCAGCCCAGA,0.629
ATGGGGATGTACAATACGTT,0.867
CCCTCCGAGAAATCTTCGTC,0.431
ATCTTATTGGCACTTGGCTT,0.442
AAAGGGCTCTATCATAGCGC,0.097
TTCAATATAGTTCTTGTCTA,0.527
TGAGCATAATACTAAATCTC,0.122
ATTATACTGGTCTCCAATGG,0.519
CCCGGGTCACGTGTGTTTTG,0.633
GAAGGACTACGCCTAGGTCT,0.892
CGGATTGGCTTAATCCGGTG,0.437
GACGGGCCATCAACAATACG,0.839
CCCAGGCAACAATTGTGCGT,0.315
TCGACAGAAGGGCGATGGCA,0.441
AGCACCGAACATATTGAGGC,0.131
GTTTGCATTTGTCCGATGCC,0.252
TGCGACACAAAGCCCCGTAA,0.866
GGGGAAGCCTGTGCGTTAAA,0.21
CGCCACACATGCGTTGGGCG,0.517
ATGTATCTAAAACTCATCAT,0.827
TCAACCCTACGGGTTCCATG,0.513
TTGGTTTGCGGACTGTTAGT,0.182
GCTAGGTAAAAATGGTACTA,0.158
TACTATAAAGAGCCCCTTCA,0.747
GTTCTGGTTAGCGCTCTTCA,0.354
AATTGAATTTTCGGAGATTC,0.571
GGAGATAAGAATCCCCTAGC,0.702
AGGCGCTCCCGCGTCGCCTA,0.52
TGGAGAGATACGCTCAAAGT,0.48
TCCCTCTCGTTCCCTCGTCA,0.569
ACATCCTAGGAAGAAAAGCG,0.219
ACTTATGATGCGCGTTTTGG,0.096
CAATATAGTGAGAATTCGCG,0.515
CAGCCGAGAACCAATTAATG,0.915
AAGGCTAAAGCTCGTTCCTG,0.357
ACAGCGACTTGATTTTTAGT,0.534
AGCCCCGGTTCAATGTACAG,0.52
GCCAATGGGACGTAATTTGC,0.516
GGAGTAGGCCACATTTGACA,0.803
CCTTATCCATGGTTTTAATA,0.096
TCAGCGTGTCCCGAAGTCCG,0.86
CGTAAATAGTGCAGACTGCA,0.202
GGCATAAAGATTTCCTTCCA,0.711
TCACCCGAACTTAAGGTCCT,0.13
TCGCATTAACGAGCAAGGGG,0.077
CCTAACATCGTACCGTCCCG,0.414
TTCAACGACCATGACCTGCC,0.85
TGTGAAAGGTACGCTGATGT,0.817
TCACGTGCATAGATCGCCCT,0.828
GGAGCTTAGTGATCTTAACG,0.389
CGCTGGGCATCTTCGGTAGT,0.278
CTATACCCATGGTCAGGAAT,0.383
AACCTGTCCAAACTTGCACT,0.183
CTATCCCGCACTACCAGATG,0.813
ACAGATATCAAGGAGATACG,0.45
CGCGAGCAGGACTTGCTGTC,0.896
TGTCTTGAATCCGCTCTTCG,0.55
ATGGATGCGCACCCATAGTC,0.237
CCGTGACGATGTGGGTAACG,0.887
GGGTCCTGATAATACACCGA,0.527
ATTGCTTAATACATAGCGAC,0.085
GAACGGGTCACATGCGCGCC,0.733
TAGAAATTGCCAGCAACAGG,0.835
TCATCAAACTAGGACTATAA,0.888
ATATAGCGTGATTTCGCAGG,0.797
CCACTAGCACCTATTGGATC,0.506
TACGAGCGGCGAAAGTTTTG,0.776
CGAATATGTGCCCAATCTGC,0.715
AATGGATGGCGATATCTTGT,0.196
GAGCTAGTCCTAGTGGGTCG,0.946
TGTTCTCGCTACCCCTGAAC,0.226
TAAAAAGCTGAGTCCGGGTC,0.57
CAGAAGATCTAGTTTTATAG,0.139
GTCTCATCGTACTGTGTGTA,0.081
AGTGGGAACTACTGGGTAGG,0.162
CTTAAGTCGCCCGCGTAGCG,0.667
TCGGGCCCCTTCCCTAATCC,0.581
CTTCTGTACGAGTGGCAATG,0.117
TAATGCTTCCGAAGACTCTA,0.619
TCTCCCCGCATCAGTCCCTG,0.29
GGCAGTGCTCGTCGGGAATA,0.114
ATGCTTTGTACCGTGACTCT,0.248
GCCCAGCCAGGAGTATGAAA,0.267
CTCGACCGAATTTTGTCTGG,0.427
GGCCTACGCCATCTTTTAAT,0.486
CGAGCTCTTCCGATTCACAT,0.457
ATTACATTGCTGTGGAACGC,0.175
TGGGTGTACCACGAGTAGCG,0.781
TTTTAGCAAAATCAGTTCGA,0.455
GGAACAGCGAGTGATGTCCG,0.908
GTCTGTTAGCTTTGGATAGC,0.832
TTTTCCTGATAGCGGACGAA,0.761
ACTGGTAGCTCGGGCAGTAC,0.885
GGTCTAAAACGTATGTAGTG,0.488
CGATGAGTGTGCGGCCAGGC,0.301
TCTGTGGCTGAAGTGTCCGG,0.317
AGGAGTGTCAGCGAACCACA,0.394
AGGTGGGCAGCGAAAGTGTG,0.333
CGATAATACACGCACAGTGC,0.852
GTAGTGCCCATTTATCGATG,0.883
GGGGGAGAAGTCTGAGGATT,0.589
CGGAAGGTCAGACACCCCAT,0.478
GTGCCGCGGTAGCCGAACAT,0.165
GCGTGATTCAATGCAGAAAG,0.068
TAGACTAGTCGAACGGGAGA,0.129
TTGCCGAAGGTGGTCATGTA,0.759
CGGGAAGGACAAGTCGCGAC,0.259
AGAAGCCTCTCCCGTGTGCA,0.204
TCAATCACACTCTATTGCGA,0.539
CGTAGGAGACTGGCCCATTT,0.465
TCGGCGTCTCGTTGAGGATC,0.345
TGGATAGAATTTTACGCACC,0.26
TTCTTTTATCAATCGCAAGT,0.21
ACGGGTTGTGTTCGGAACTG,0.679
TTTCATCCGTACTAACTGCG,0.154
AGCATTCATGTATTGGATGG,0.1
TGGACTACAGAGGGCCGGGC,0.577
TTTACCGTGACCTGTTTTTG,0.152
CGTCAGACACGGTTAACCTA,0.296
ACCTGCAGGGCGTGATACGA,0.052
GTTCAGCCGCCGTTACTCCG,0.529
TGATGTTCCTCGTTGGCGGT,0.877
ACTTCATAGCATGTATGGGA,0.1
CCGCTATTAATTACCCACGC,0.503
GTCATCCTGGGGCCATAGAA,0.244
ACCATGTGCTACGAGACTCA,0.256
GTGATATGACGCTAGGTAAC,0.448
AACGAAAAACGGAAGTCGAA,0.712
ACGTTTTGTCGCGCTATCCC,0.114
GCCCTTACCCGATGGAGCAA,0.463
GACCATGTGCGACATCCAAG,0.064
TTACGGTACCCCTGAAGTAA,0.408
GACGACGCACCACTAAGTCT,0.928
TGGACGCGATCGAAGAGCTC,0.332
GAGTGCACCCCGCGGAGTTA,0.14
GAGAGTTCCTGGGATTTCAT,0.599
CGCTTTGCCGCACCTTTACT,0.332
ACTCATCTAAGACCTGGCTG,0.614
TTCCTCCTTCTACGCGCACG,0.433
CAAGTCGATCGTAAACTCGG,0.593
TCACCTTTGAGGTCAGTACT,0.585
TAAGAGCTGATCCCGATTTC,0.323
ATACATCATACCATTCCCAC,0.347
TCGCTATTCTGGTCTTAAGT,0.736
AACATAGTCGTGTTACTGTT,0.06
TGTCATCCGGCTGGTTTCAC,0.792
GTCAGAACCACTGTTATGAG,0.322
TAGACATGTCCACCATGTGT,0.717
ATTGGGAGGGAAAGGTGGGT,0.638
CGTCAGGTCCAATCGGGATA,0.751
GCTGAGAGTATAGGGAGATG,0.239
ATGGGTCTCTTGCGTCGAGT,0.431
GTTCTCCCGGGAAACACGTG,0.739
GCGAGGTTGCGGACTTCTAG,0.842
TGCGTTTCGTCTACATTCCA,0.841
GTGATGAATTAGCAGTTCAG,0.529
TGCCATCTTTGTGCATGCTG,0.462
CATGCACAACCACGGTCCGG,0.723
AAAGTTGACAGATATGCAGA,0.735
CCTTTCGGCAGAATGTTAGG,0.864
GGACCGTCATGACCTCTACA,0.126
ATGTCTTTTCAGGCCGATTC,0.824
TATACCGCCCTCCTCTGGAG,0.409
GTATTGATCCATGTTACGTA,0.531
CTGTACTGCGACGTAAGCAT,0.691
GCCAAGTGCCAACCTGACGT,0.698
ACTCATTAAGCCTATATGGC,0.357
GGGCCACCTCTGCGTCAATT,0.42
CATCCCAAGAAAAGGCATCT,0.942
GAGCAACGACATTAAGCTAG,0.15
CCGGTACTTCTCGGTGTTCG,0.659
TCACTCGATTGCAAATTTTA,0.904
GCCATCAGCTCATATGGAGG,0.86
TCTCTCAACGTAGCTCATAC,0.505
GCTTTGCTTGAACCGCTAGC,0.906
GTATAGAGCGGGTCTCCCCA,0.557
TACGTGCATCGTTCTTCTCA,0.377
GGGTTTCCCGCTACTTGTTG,0.794
TTACAGGGGTTTCTATCTTT,0.447
ATGAGTGGAATAACCGAACG,0.742
TTGTATATAACATCGGTCAC,0.073
GACAACCTATTACAGCCGAT,0.886
TCAACTGTTTATTCTATCTT,0.156
CGGGTCTTAAAAACCAATTC,0.648
GTAGAAGTGATCGTATTAGT,0.648
CTGGTGAGCCAACCACTCCC,0.632
ACTCGGCCCGTCAAAGGACG,0.415
GGATCGCGTCTGTTGCTCCC,0.808
GCTGCTTTAAGGTACTTCTA,0.789
TTGGTATACCATGATTAACA,0.549
AGAACTAAGTCGATGTAAGG,0.681
TGTCTCTTCAATACTAGGGC,0.275
AGTCCTCCCGCATTCATTGA,0.813
GAACGCGCGGGGCAGCCGGA,0.909
AGCTATCGCACCATCCGGGT,0.352
CGAGACCCTATGTCACTTTT,0.544
ATGTGCTAAGCTCGGGAAAC,0.687
CCTTTTGAACCATAACTGAG,0.13
AATCCTATCACGGACGAACC,0.054
TCTATCGCTCCGGGTTTAAT,0.532
CTGCCAGATAAACGGACTTT,0.131
AGTCTTCGTCCATGTCCCGC,0.842
GTCGGCAGTTAGCGTACAAA,0.209
GCCCGAATTGGCTTACAGGA,0.151
TTAGTACCTATTTTGCATTG,0.786
TTGAGTATTAGTCGTCTCAA,0.77
GCAGCTATCGAACACCGATT,0.752
TCGGATACATCCGTTGAGAC,0.182
GCGGCTCCAGCATAGCATTA,0.331
GTAAATACATGGCGAACGAG,0.622
TAAAAATCTACGTGGGTCGA,0.346
GTTGTATCCTTGACGCGACA,0.84
TATTTCTAAGAGTAATTTAC,0.673
GTGGTCTGCAAATAGATGAA,0.297
TCGCCGACGGTTACGAGTCG,0.899
CTTGCATAATACGACGCTAC,0.221
GGATCCCACGTTTGATCGCT,0.763
AGAAGGAATTACTTTACTGA,0.085
GACCTCTAACGGTAGGCCAT,0.174
GCTAATAGCCATAAGGGAGG,0.761
GGCATAGCCCGATCTTCACC,0.527
TAGCCGCCCACGGGCGACGG,0.858
AGTTATTGCCTATACACACA,0.769
ACACTCGGATCATTTCGATG,0.686
TGTCTCCGCGGCAGCCCACG,0.506
TGTGGTGCTTTTAGCGCCTA,0.435
TCTCGCGCTTGTTCCGCCCG,0.827
CGCAATATACTGGTCCGCTT,0.389
CAACTCATATTCGTCCTGGG,0.692
AGATGCTTCAAGCCAGTCTC,0.083
GAAGTTTGTGCTGAACAAAA,0.324
ACAACACCAACGATGCTGTG,0.539
TACGTTACTGGCGTAGGAGG,0.548
TAACCTTGACACATGCTTGG,0.909
CGCACCGACCAATACCATTT,0.214
CCCGCAAGATGTAACCGTAT,0.456
GGGGTTCCTTCCAACGCTAG,0.75
CCGTGGTAAAGCGATGATCA,0.641
TAGATCCACGCGAGGGGACA,0.54
CGTCGCTTTGGGCCATGAGG,0.867
AACCTCTGTATTGGGAGGTA,0.753
GGGACTATTGGCGTTCTTGC,0.443
CACCGTTCTACTAAAACCGG,0.399
TGTGGAAAGGGGGTCGCAGT,0.466
CCGGCTTTGGCGAAGTGCAC,0.36
AGCGCCAGCGTCCGAACAAT,0.567
GGTGATCCTCGCCAGCATTC,0.655
AGCCATATGCGATGGCTATC,0.646
AACCCTCGGTGCCAATAGAT,0.342
AGACTAGGTCAGGTGCGGCG,0.351
ATAGACGTAGGATCAGTGAC,0.888
ACAACAGTAACCAGCATATT,0.589
CTTGAAGAGAGTAGCTACTA,0.226
CAGTCTGTTTATCTAGGACC,0.315
AACGCCGGACGACCCGAATG,0.932
GCAAGGGTCCCGAGAACGGT,0.075
TGCGTGGAGGCGTTTGGTCC,0.126
GATGGCCAATGTAACAGATG,0.666
CCACAAACGTCTTACGCGGA,0.73
CCGGGACGAGCGCGCTGAGA,0.666
TTAGTATTCACTAATGAACT,0.448
TGCTACGCGATTGCTGAAAA,0.826
AGAACTTCTCCATTATGCCC,0.145
TTGATTTAGGGGATGACACC,0.825
CATCCGAGGCTGATGCCATC,0.309
ACAGCAGAAGCGTGATACCG,0.353
AGTGGTAGCGTACCGGCAAG,0.363
GGGCATCCGAGCTCAATCGG,0.554
CACACAGATCTATATCGCTC,0.754
GCGGTGAGACTGATTCCGGC,0.848
GATTGACGCTAATCTTATAG,0.908
GAGGGTCAGAGTCCCCCTAA,0.365
AAGCAAGTGTGTACTCCGGG,0.866
CATGTGACTTGCATGCATGA,0.881
CTTAAAGTAGTTCCTTCAAG,0.435
CCGAACGACAGTTGGACATG,0.777
AGTACCGCCTAAGACTTACA,0.823
GTGCAACGGAACTACCGACT,0.732
ACGTCAGACTCGGCCTCTAA,0.177
ACATCGGTCGTATATCATAC,0.206
TGCTGAACATAACTCAGCAG,0.603
ATTCCATTATATGAATAGCT,0.246
TTCTCGTTGCGGGGCGCAAC,0.209
AAGTCTTGTTAAGGGAGCAT,0.239
CACGAGCATCTTCTACCGGC,0.565
CCCTGGATGGGGGTTTTAAG,0.341
CACATTACTGTCTCAATGGG,0.096
TCGTAACGATGGCCAGTGGA,0.18
GGACAGGAGACTTACGCGCT,0.449
CAATGTGCCTAAGTTTCTAA,0.656
GACTCTTTACGCTGCGGGTA,0.65
GTGCCGTGAAATGGATAGCA,0.707
CCGTTCAACTGTGACCTACT,0.736
TCAATCCAGCGGCGTGGTGT,0.859
AATACCATATGGTCAAGTCT,0.304
TCAAAATGTAGATGATTTGA,0.41
CTCTAGCGCAGCATTAGACC,0.888
AGTGGTCCTGCATGGGAAGG,0.43
TATCGCGACGCGGAGGAGGG,0.324
TCTGGAGTTTGTGGCGACTG,0.416
AACATATCACTTTCTGAAGA,0.751
AGGCTCGCGGGATGAACCTG,0.63
CTAGATTCTCAGTTTCGTTC,0.472
CGCTGCTCTCACATTATTCT,0.685
GAATCACGAAAAAGCCTTCA,0.281
GCATCTCATACCCAACGTAG,0.446
CTATATTCGAGGTAGAAGGA,0.604
GCTGAGGAGCCTGTGCGAAT,0.66
CTTAATCCGGGCTCATAGGT,0.63
ACAATTCCGTTGGAGACGGC,0.912
GCCCCGTCAATTTCTACTAG,0.143
AAGTGATGCCCCATAGCCTG,0.927
GCTGACATGTTACATACATT,0.731
GCTAACCCCCACTTTCCGCC,0.623
ATTAAACAGATACCAGACTT,0.66
AGAACTTCCTAATTCTGAGT,0.716
ACAGACCAAATTTCTTGCCT,0.503
TGATCCGGCTTAAACGGCAG,0.844
AATTTTTGCAATTAAATACC,0.543
TCGGGGGGCGAGAAGATCTG,0.092
CAATAGACTGGGGCCCTTGC,0.391
GGTGTCGCTCGACCCCGACT,0.822
CACTTTATCCTCTTTAACTT,0.923
GCTGTCGTGCCGTTGTTAAC,0.516
GCATAGTAACAGCCTGCCAC,0.814
GACTCCACTATGACATACCG,0.215
CTTGACAAGCATGCACGGGT,0.587
TAGTGGCGCCACTTCGTCTA,0.481
TTGCCATCGGGAATACTGCG,0.709
TTTTTCGACCACTGATTACA,0.651
TTGATTCGAGCCCCCGCTTA,0.364
CGGATGTACCCACCCAACCC,0.092
TGAGTTTCCGAAAAGTAAGT,0.138
GTATTCGCGGCCCATATATG,0.117
ACGTGCTCCGAGCCGAGTAG,0.371
AGCCCTACCTTACCTTTGGT,0.106
TTAGACTTGAAGTGTTCGTC,0.282
TTAAGCCAGAAGAGATAGTG,0.32
CATTTCGTACTGATCAACTC,0.367
CGTCCGAGCGTCTGCTAGGA,0.879
CCCCGCACTGCTAGCTTGGA,0.093
GCCACGTCCTACGTACCGTG,0.069
GCGATCCTTGCGTTTCAAAC,0.267
AAGCTATAAGAGTATCGAGC,0.552
CGGTTACTAGGCAGGGCGCC,0.704
AAAGCCGTCACTTATCGTCC,0.848
CACACTACCTGGCACCGTAT,0.771
CGAGTTGGCAACCCTCACGA,0.062
CTCGCGGCAAAAAGTCTAAG,0.851
GCATCTTCAGCAAAATTGTC,0.92
GTCGGGGTACCCGCGCAACG,0.429
CTAGCACCGGATAGCCCTGA,0.442
CGGTGTCTTTCTTCAGAATT,0.833
GACAGAGCACGTCGAGGACT,0.638
AACGTGTCGTGCAAGCTTAG,0.323
ATGCTAGTCGCCCATCGGAT,0.696
CAGTCCTGCTTGGATGCGGG,0.259
TGATTGCAGTTGGTGTGGTC,0.257
TCCTCGAGCTTCGTTGCCAC,0.48
TGGTATACGCTCCTGAACTT,0.116
GGTGCGCTGGACCCTCCTGA,0.348
AGCGTAAGCAAGTGGAAACA,0.359
AGATCGACTTGCTTATGAAG,0.335
GCCACATTACCGCTCTAGAT,0.425
ACTGGCACAAAGGGTCAGCG,0.261
CACGGGAGCTTTTCAGAATT,0.378
GAGATTAGTACTCATAGGTA,0.495
CCGTTGCTCCACACGCAAGT,0.791
CGTTATGCGAACCCCCCAGC,0.505
CTGCGTGTTCAGCTGACCTC,0.899
AGTCTCGGGAACCCTGGCAT,0.468
TTAGTGCCGACCTAGGCATG,0.609
AGGATTTCGCGGTTCACACG,0.771
TCTGGGTTTTGCTCTGTTAG,0.663
TCGGAAAGAATATTCGGAGT,0.227
CTTCCACTTATTATCTTATG,0.627
TTCTCGCCATGGCTCTGATT,0.473
CCCAGACTACTTCCAATAGT,0.748
CACATGGCCTAGCAACAGCT,0.566
TAGGCACTCTACTTTCACTA,0.796
GAACATACCTGTGATCAGTA,0.167
CTTCCCTGTAGCGATTAACT,0.514
GACGCGCCCAGGGTTGGCCC,0.787
TTAGCAGTTCTCATAGATAC,0.492
GTCCGACCAGAAGAAGGCCG,0.442
ACCCCCCAAAAACCCAAGGT,0.61
ATTAGTTTGCGAGGACCTGT,0.285
ACTAGGCAGGACCACTCCGC,0.306
CCAAGGAGTTTTCGTAAGGA,0.374
AACTGGTGAGGCGGCTAGCA,0.192
ACCACAGTCCGCTATCTAAG,0.064
GAGTCAGGAAGTTCCAAGAT,0.229
AATCCGCGGAGGCGGTCCAT,0.418
GTGTTCTGCTAATACAAAAC,0.622
CTTGTGTTGACCAATATTCA,0.064
